task_family,accuracy
adversarial,1.0
analogy,1.0
atomic,0.868421052631579
bias,0.956140350877193
cf,0.875
cf_chain,0.5
compositional,1.0
counterfactual,0.8026315789473685
cross_system,0.9615384615384616
fallacy,1.0
hard,0.8571428571428571
implication,1.0
multi_hop,0.9705882352941176
multi_turn,0.8591549295774648
structural,0.5
trap,1.0
validity,0.8
