model,mode,overall_accuracy,dialogue_accuracy,contradiction_rate
gpt4,cot,0.0,0.0,0.0
gpt4,cot,0.0,0.0,0.0
gpt4,cot,0.9335604770017035,0.5306122448979592,0.8775510204081632
gpt4,cot,0.9411764705882353,0.5510204081632653,0.8775510204081632
gpt4,cot,0.882258064516129,0.5306122448979592,0.8775510204081632
