task_family,accuracy
adversarial,1.0
analogy,1.0
atomic,0.881578947368421
bias,0.8859649122807017
cf,0.9375
cf_chain,1.0
compositional,0.0
counterfactual,0.9210526315789473
cross_system,1.0
fallacy,1.0
hard,0.9428571428571428
implication,0.6666666666666666
multi_hop,0.9117647058823529
multi_turn,0.9389671361502347
structural,0.5
trap,1.0
validity,0.8
