task_family,accuracy
adversarial,1.0
analogy,1.0
atomic,0.9078947368421053
bias,0.9736842105263158
cf,0.9375
cf_chain,1.0
compositional,1.0
counterfactual,0.9736842105263158
cross_system,1.0
fallacy,1.0
hard,0.9428571428571428
implication,1.0
multi_hop,0.9411764705882353
multi_turn,0.92018779342723
structural,0.5
trap,0.6666666666666666
validity,0.8
