model,mode,overall_accuracy,dialogue_accuracy,contradiction_rate
gpt4,zeroshot,,,0.0
gpt4,zeroshot,0.9210950080515298,0.7142857142857143,0.8367346938775511
gpt4,zeroshot,0.9227053140096618,0.6938775510204082,0.8367346938775511
gpt4,zeroshot,0.9403225806451613,0.6938775510204082,0.8775510204081632
