task_family,accuracy
adversarial,1.0
analogy,1.0
atomic,0.8552631578947368
bias,0.9736842105263158
cf,0.9375
cf_chain,1.0
compositional,0.0
counterfactual,0.9605263157894737
cross_system,0.8846153846153846
fallacy,1.0
hard,0.9428571428571428
implication,0.8333333333333334
multi_hop,0.9411764705882353
multi_turn,0.8967136150234741
structural,0.5
trap,0.6666666666666666
validity,0.8
