task_family,accuracy
adversarial,1.0
analogy,1.0
atomic,0.9210526315789473
bias,0.9473684210526315
cf,1.0
cf_chain,0.75
compositional,0.0
counterfactual,0.9210526315789473
cross_system,0.9615384615384616
fallacy,1.0
hard,0.8857142857142857
implication,1.0
multi_hop,0.9411764705882353
multi_turn,0.9061032863849765
structural,0.5
trap,0.6666666666666666
validity,0.8
