task_family,accuracy
adversarial,1.0
analogy,0.75
atomic,0.8947368421052632
bias,0.956140350877193
cf,0.9375
cf_chain,1.0
compositional,0.0
counterfactual,0.8947368421052632
cross_system,1.0
fallacy,1.0
hard,0.9142857142857143
implication,0.3333333333333333
multi_hop,0.6764705882352942
multi_turn,0.892018779342723
structural,1.0
trap,1.0
validity,1.0
